<?xml version="1.0" encoding="UTF-8"?>
<project-private xmlns="http://www.netbeans.org/ns/project-private/1">
    <editor-bookmarks xmlns="http://www.netbeans.org/ns/editor-bookmarks/2" lastBookmarkId="0"/>
    <open-files xmlns="http://www.netbeans.org/ns/projectui-open-files/2">
        <group>
            <file>file:/C:/Users/ASUS/Downloads/ProyectoCitasMedicas/ProyectoCitasMedicas/CitasMedicas/src/CONTROLADOR/CRUDAdmin.java</file>
            <file>file:/C:/Users/ASUS/Downloads/ProyectoCitasMedicas/ProyectoCitasMedicas/CitasMedicas/src/CONTROLADOR/CRUDCitas.java</file>
            <file>file:/C:/Users/ASUS/Downloads/ProyectoCitasMedicas/ProyectoCitasMedicas/CitasMedicas/test/MODELO/CitaTest.java</file>
            <file>file:/C:/Users/ASUS/Downloads/ProyectoCitasMedicas/ProyectoCitasMedicas/CitasMedicas/src/MODELO/Medico.java</file>
            <file>file:/C:/Users/ASUS/Downloads/ProyectoCitasMedicas/ProyectoCitasMedicas/CitasMedicas/test/VISTA/VentanaRegistrarColaboradorTest.java</file>
            <file>file:/C:/Users/ASUS/Downloads/ProyectoCitasMedicas/ProyectoCitasMedicas/CitasMedicas/src/VISTA/VentanaMedicoAgregar.java</file>
            <file>file:/C:/Users/ASUS/Downloads/ProyectoCitasMedicas/ProyectoCitasMedicas/CitasMedicas/test/MODELO/MedicoTest.java</file>
            <file>file:/C:/Users/ASUS/Downloads/ProyectoCitasMedicas/ProyectoCitasMedicas/CitasMedicas/src/VISTA/VentanaMedicoActualizar.java</file>
            <file>file:/C:/Users/ASUS/Downloads/ProyectoCitasMedicas/ProyectoCitasMedicas/CitasMedicas/test/MODELO/EspecialidadTest.java</file>
        </group>
    </open-files>
</project-private>
