<?xml version="1.0" encoding="UTF-8"?>
<project-private xmlns="http://www.netbeans.org/ns/project-private/1">
    <editor-bookmarks xmlns="http://www.netbeans.org/ns/editor-bookmarks/2" lastBookmarkId="0"/>
    <open-files xmlns="http://www.netbeans.org/ns/projectui-open-files/2">
        <group>
            <file>file:/C:/Users/ASUS/OneDrive/Documentos/NetBeansProjects/ProyectoCitasMedicas/ProyectoCitasMedicas/CitasMedicas/src/VISTA/VentanaFactura.java</file>
            <file>file:/C:/Users/ASUS/OneDrive/Documentos/NetBeansProjects/ProyectoCitasMedicas/ProyectoCitasMedicas/CitasMedicas/src/VISTA/VentanaMedicoActualizar.java</file>
            <file>file:/C:/Users/ASUS/OneDrive/Documentos/NetBeansProjects/ProyectoCitasMedicas/ProyectoCitasMedicas/CitasMedicas/src/VISTA/VentanaPrincipal.java</file>
            <file>file:/C:/Users/ASUS/OneDrive/Documentos/NetBeansProjects/ProyectoCitasMedicas/ProyectoCitasMedicas/CitasMedicas/src/VISTA/VentanaMedicoAgregar.java</file>
            <file>file:/C:/Users/ASUS/OneDrive/Documentos/NetBeansProjects/ProyectoCitasMedicas/ProyectoCitasMedicas/CitasMedicas/src/BASEDATOS/Conexion.java</file>
            <file>file:/C:/Users/ASUS/OneDrive/Documentos/NetBeansProjects/ProyectoCitasMedicas/ProyectoCitasMedicas/CitasMedicas/src/CONTROLADOR/ControladorFactura.java</file>
            <file>file:/C:/Users/ASUS/OneDrive/Documentos/NetBeansProjects/ProyectoCitasMedicas/ProyectoCitasMedicas/CitasMedicas/src/CONTROLADOR/ControladorFacDetalle.java</file>
        </group>
    </open-files>
</project-private>
